filename,codec,resolution,fps,vfr,integrity
1_1080p_25fps.mp4,h264,1920x1080,25.0,0.000000,OK
2_1080p_25fps.mp4,h264,1920x1080,25.0,0.000000,OK
3_1080p_25fps.mp4,h264,1920x1080,25.0,0.000000,OK
4_1080p_25fps.mp4,h264,1920x1080,25.0,0.000000,OK
5_1080p_25fps.mp4,h264,1920x1080,25.0,0.000000,OK
6_1080p_25fps.mp4,h264,1920x1080,25.0,0.000000,OK
7_1080p_25fps.mp4,h264,1920x1080,25.0,0.000000,OK
8_1080p_25fps.mp4,h264,1920x1080,25.0,0.000000,OK
9_1080p_25fps.mp4,h264,1920x1080,25.0,0.000000,OK
10_1080p_25fps.mp4,h264,1920x1080,25.0,0.000000,OK
11_1080p_25fps.mp4,h264,1920x1080,25.0,0.000000,OK
13_1080p_25fps.mp4,h264,1920x1080,25.0,0.000000,OK
14_1080p_25fps.mp4,h264,1920x1080,25.0,0.000000,OK
15_1080p_25fps.mp4,h264,1920x1080,25.0,0.000000,OK
16_1080p_25fps.mp4,h264,1920x1080,25.0,0.000000,OK
17_1080p_25fps.mp4,h264,1920x1080,25.0,0.000000,OK
18_1080p_25fps.mp4,h264,1920x1080,25.0,0.000000,OK
19_1080p_25fps.mp4,h264,1920x1080,25.0,0.000000,OK
20_1080p_25fps.mp4,h264,1920x1080,25.0,0.000000,OK
21_1080p_30fps.mp4,h264,1920x1080,30.0,0.000000,OK
22_1080p_30fps.mp4,h264,1920x1080,30.0,0.000000,OK
23_1080p_30fps.mp4,h264,1920x1080,30.0,0.000000,OK
24_1080p_30fps.mp4,h264,1920x1080,30.0,0.000000,OK
25_1080p_30fps.mp4,h264,1920x1080,30.0,0.000000,OK
26_1080p_30fps.mp4,h264,1920x1080,30.0,0.000000,OK
27_1080p_30fps.mp4,h264,1920x1080,30.0,0.000000,OK
28_1080p_30fps.mp4,h264,1920x1080,30.0,0.000000,OK
29_1080p_30fps.mp4,h264,1920x1080,30.0,0.000000,OK
30_1080p_30fps.mp4,h264,1920x1080,30.0,0.000000,OK
31_1080p_30fps.mp4,h264,1920x1080,30.0,0.000000,OK
32_1080p_30fps.mp4,h264,1920x1080,30.0,0.000000,OK
33_1080p_30fps.mp4,h264,1920x1080,30.0,0.000000,OK
34_1080p_30fps.mp4,h264,1920x1080,30.0,0.000000,OK
35_1080p_30fps.mp4,h264,1920x1080,30.0,0.000000,OK
36_1080p_30fps.mp4,h264,1920x1080,30.0,0.000000,OK
37_1080p_30fps.mp4,h264,1920x1080,30.0,0.000000,OK
38_1080p_30fps.mp4,h264,1920x1080,30.0,0.000000,OK
39_1080p_30fps.mp4,h264,1920x1080,30.0,0.000000,OK
40_1080p_30fps.mp4,h264,1920x1080,30.0,0.000000,OK
41_1080p_30fps.mp4,h264,1920x1080,30.0,0.000000,OK
42_1080p_30fps.mp4,h264,1920x1080,30.0,0.000000,OK
43_1080p_30fps.mp4,h264,1920x1080,30.0,0.000000,OK
44_1080p_30fps.mp4,h264,1920x1080,30.0,0.000000,OK